{
	"version": "0.2.0",
	"configurations": [
		{
			"type": "tcf-debug",
			"request": "launch",
			"name": "rdma_rx_app_hw_1",
			"debugType": "baremetal-zu",
			"attachToRunningTargetOptions": {
				"targetSetupMode": "standalone",
				"executeScript": true,
				"scriptPath": ""
			},
			"autoAttachProcessChildren": false,
			"target": {
				"targetConnectionId": "Local",
				"peersIniPath": "../../../.wsdata/.peers.ini",
				"context": "ZUPlus"
			},
			"targetSetup": {
				"resetSystem": true,
				"programDevice": true,
				"enableRPUSplitMode": false,
				"resetAPU": false,
				"resetRPU": false,
				"bitstreamFile": "C:\\Users\\emiry\\Desktop\\KuLeuven\\rdma_v1\\rdma_v1\\hw\\sdt\\rdma_v7.bit",
				"zuInitialization": {
					"isFsbl": true,
					"usingFSBL": {
						"initWithFSBL": true,
						"fsblFile": "${workspaceFolder}\\rdma_v1\\export\\rdma_v1\\sw\\boot\\fsbl.elf",
						"fsblExitSymbol": "XFsbl_Exit"
					},
					"usingPsuInit": {
						"runPsuInit": true,
						"plPowerup": false,
						"psuInitTclFile": "${workspaceFolder}\\rdma_rx\\_ide\\psinit\\psu_init.tcl"
					}
				},
				"downloadElf": [
					{
						"core": "psu_cortexa53_0",
						"resetProcessor": true,
						"elfFile": "${workspaceFolder}\\rdma_rx\\build\\rdma_rx.elf",
						"stopAtEntry": false
					}
				],
				"crossTriggerBreakpoints": {
					"isSelected": false,
					"breakpoints": []
				}
			},
			"internalConsoleOptions": "openOnSessionStart"
		}
	]
}