{
  "name": "rdma_v1",
  "type": "PLATFORM",
  "configuration": {
    "description": "",
    "xsa": "C:\\Users\\emiry\\Desktop\\KuLeuven\\Year4Term1\\RD\\rdma_rx_final_v1\\rdma_v7.xsa",
    "xsaPathInPlatform": "rdma_v1\\hw\\rdma_v7.xsa",
    "emulationXsa": "",
    "emulationXsaPathInPlatform": "",
    "isCustomFSBL": false,
    "fsblPath": "",
    "pmufwElf": "",
    "flow": "EMBEDDED",
    "processorsMap": {
      "psu_cortexa53_0": "psu_cortexa53",
      "psu_cortexa53_1": "psu_cortexa53",
      "psu_cortexa53_2": "psu_cortexa53",
      "psu_cortexa53_3": "psu_cortexa53",
      "psu_cortexr5_0": "psu_cortexr5",
      "psu_cortexr5_1": "psu_cortexr5",
      "psu_pmu_0": "psu_pmu"
    },
    "supportedFamily": "zynquplus",
    "componentType": "PLATFORM",
    "domains": [
      {
        "name": "zynqmp_fsbl",
        "displayName": "zynqmp_fsbl",
        "processor": "psu_cortexa53_0",
        "cpuType": "cortex-a53",
        "cpuInstance": "psu_cortexa53_0",
        "os": "standalone",
        "appTemplate": "zynqmp_fsbl",
        "isBootDomain": true,
        "qemuData": "C:\\Users\\emiry\\Desktop\\KuLeuven\\rdma_v1\\rdma_v1\\resources\\zynqmp_fsbl\\qemu",
        "qemuArgsFile": "C:\\Users\\emiry\\Desktop\\KuLeuven\\rdma_v1\\rdma_v1\\resources\\zynqmp_fsbl\\qemu\\qemu_args.txt",
        "pmcQemuArgsFile": "C:\\Users\\emiry\\Desktop\\KuLeuven\\rdma_v1\\rdma_v1\\resources\\zynqmp_fsbl\\qemu\\pmu_args.txt",
        "isBSPGenReq": false
      },
      {
        "name": "standalone_psu_cortexa53_0",
        "displayName": "standalone_psu_cortexa53_0",
        "processor": "psu_cortexa53_0",
        "cpuType": "cortex-a53",
        "cpuInstance": "psu_cortexa53_0",
        "os": "standalone",
        "appTemplate": "empty_application",
        "isBootDomain": false,
        "qemuData": "C:\\Users\\emiry\\Desktop\\KuLeuven\\rdma_v1\\rdma_v1\\resources\\standalone_psu_cortexa53_0\\qemu",
        "qemuArgsFile": "C:\\Users\\emiry\\Desktop\\KuLeuven\\rdma_v1\\rdma_v1\\resources\\standalone_psu_cortexa53_0\\qemu\\qemu_args.txt",
        "pmcQemuArgsFile": "C:\\Users\\emiry\\Desktop\\KuLeuven\\rdma_v1\\rdma_v1\\resources\\standalone_psu_cortexa53_0\\qemu\\pmu_args.txt",
        "isBSPGenReq": false
      }
    ],
    "emptyToolchainConfiguration": []
  }
}